id,target
c0f722661,-1.2160407609953998
f0953f0a5,-0.49623525261184165
0df072751,-0.8187666021771446
04caf4e0c,-1.945869829512359
0e63f8bea,-1.5117348816949154
12537fe78,-0.5241040998865527
965e592c0,-0.04335361576175156
